parameter,value
theta0,8008.432753430065
theta1,-0.02144887752259637
