parameter,value
theta0,8499.599649933216
theta1,-0.021448963591702303
