parameter,value
theta0,63.318333333333335
theta1,5829025.254166667
