parameter,value
theta0,0.0017559325492564407
theta1,0.04527975157120827
